{"cameraMode":{"drawMode":0,"name":"Shaded","section":"Shading Mode"},"sceneLighting":true,"audioPlay":false,"sceneViewState":{"showFog":true,"showMaterialUpdate":false,"showSkybox":true,"showFlares":true,"showImageEffects":true,"showParticleSystems":true},"in2DMode":false,"pivot":{"x":15.51968002319336,"y":1.6500496864318848,"z":-5.810544013977051},"rotation":{"x":0.08679277449846268,"y":-0.6422386169433594,"z":0.07353263348340988,"w":0.7580217123031616},"size":2.9660251140594484,"orthographic":true}