{"cameraMode":{"drawMode":0,"name":"Shaded","section":"Shading Mode"},"sceneLighting":true,"audioPlay":false,"sceneViewState":{"showFog":true,"showMaterialUpdate":false,"showSkybox":true,"showFlares":true,"showImageEffects":true,"showParticleSystems":true},"in2DMode":false,"pivot":{"x":1.71875,"y":1.3298492431640626,"z":-1.588134765625},"rotation":{"x":0.008004273287951947,"y":0.9592940211296082,"z":-0.02734811045229435,"w":0.2810443341732025},"size":1.5318886041641236,"orthographic":true}