{"cameraMode":{"drawMode":0,"name":"Shaded","section":"Shading Mode"},"sceneLighting":true,"audioPlay":false,"sceneViewState":{"showFog":true,"showMaterialUpdate":false,"showSkybox":true,"showFlares":true,"showImageEffects":true,"showParticleSystems":true},"in2DMode":false,"pivot":{"x":15.51968002319336,"y":1.6500496864318848,"z":-5.810544013977051},"rotation":{"x":0.10510680824518204,"y":-0.7094170451164246,"z":0.1083056852221489,"w":0.6884464621543884},"size":8.914193153381348,"orthographic":true}