{"cameraMode":{"drawMode":0,"name":"Shaded","section":"Shading Mode"},"sceneLighting":true,"audioPlay":false,"sceneViewState":{"showFog":true,"showMaterialUpdate":false,"showSkybox":true,"showFlares":true,"showImageEffects":true,"showParticleSystems":true},"in2DMode":false,"pivot":{"x":2.0909423828125,"y":1.0670166015625,"z":-2.193359375},"rotation":{"x":-0.03867673873901367,"y":0.9449265003204346,"z":-0.12113156914710999,"w":-0.30164939165115359},"size":1.088009238243103,"orthographic":true}